sentence,sentiment
Please help me if any changes can be made to the code.,neutral
Add public ``getter ''methods where necessary.,neutral
What I am trying to do.,neutral
I have integrated sonarQube for code analysis.,neutral
url WEB_ADDRESS.,neutral
"like sample1, sample2 so I can play the music like FILE_PATH format is FILE_PATH how to get that music name?? )",neutral
The customer leaves the salon.,neutral
Should have been translated to UTC time.,neutral
But the above code doesn't work outside the ``FILE_NAME JavaAgent`` FILE_NAME of the main Agent.,negative
"When I run the project, I get the following error,.",negative
The file chooser's parent was the main window.,neutral
I apologize if I missed anything obvious.,neutral
This should read all files in the single input directory.,neutral
See NativeSystem.,neutral
"Depending on what you need to accomplish, there might be better / other ways to achieve that.",neutral
"Starting with the socket IO, since Java 7 the NIO API has been available, which means you can leave the threading required to prevent blocking the main thread to the OS.",neutral
CODE_FRAGMENT is an extension of CODE_FRAGMENT that adds a CODE_FRAGMENT status code.,neutral
The only scenario I can think of is some a application container that has been requested to abort some work.,neutral
The application connects to the AD using COM4J from the API_NAME library version NUMBER.,neutral
Power tip: Stop thinking in any particular time zone.,neutral
"Well, the funny part is, we do not know.",negative
And I've added these settings to the WebMvc FILE_NAME.,neutral
"Using you current code, make this tweak.",neutral
In pre java7 simulating an ``in-memory filesystem ''is fairly complex.,neutral
"It's up to the implementation ( which will depend on the kind of input stream you're using ), but generally it's likely to use a blocking OS-level API, so the efficiency will depend on the OS.",neutral
The JUnit task page lists several ways in which you can make the FILE_NAME available to Ant.,neutral
"CODE_FRAGMENT creates a capturing group, to be referenced later.",neutral
I wrote this code to update a patient in a derby database but it throws a CODE_FRAGMENT.,negative
How should I make it to get additional string input such as another user's id?,neutral
Any help appreciated.,neutral
When I print the path of the resource using API_NAME ( ''/ resource/API _ NAME'' ) it gives the path correctly as.,positive
i have found out that i have to read the error log.,neutral
"If after retrying for set amount of repetitions call fails, onFailedAfterRetry ( ) is called.",neutral
This is not particularly unusual... or wrong.,positive
"You don't you get Neo4j cross-compiled to the client, you have to run Neo4j as part of your backend service.",neutral
Which one should be reported?,neutral
There is a caveat with the above approach.,negative
A small description of application is as follow.,neutral
"The length of the appointments, the span of time not yet attached to the timeline, should be handled as a CODE_FRAGMENT object.",neutral
This is why CODE_FRAGMENT's argument is evaluated before a single item has gone through the first step of the stream.,neutral
"convert PDF to SVG characters with font, size, x/y, etc. ( PDFBox does this ).",neutral
You have a lot of tuning parameters and I would challenge that you need the majority of them.,neutral
You apparently intend these appointments for the time zone of central North America.,neutral
This will preserve the insertion order and insure no duplicates.,positive
We apply a time zone only to report a particular region's wall-clock time to the user.,neutral
I have a Unix command to send email.,neutral
What happens if a thread is interrupted multiple times by different threads?,neutral
Await( ) as per the docs says.,neutral
Warning is -.,neutral
"Here is an example ( please, note that March 30th 2008 is Daylight Saving change in Italy ).",neutral
"With Spring 4, it's now possible to use TestPropertySource.",neutral
The simplest solution would be to use Java 8's Date/Time API.,positive
And my Gradle File looks like this.,neutral
Only the LoginHandler fails to compile.,negative
Add this dependency to your API_NAME.,neutral
"I wouldn't use CODE_FRAGMENT, I suggest using CODE_FRAGMENT or CODE_FRAGMENT or CODE_FRAGMENT or ( if you have to ) CODE_FRAGMENT.",neutral
I have read the Doc but i am not clear what is meant by CODE_FRAGMENT.,negative
My dependecies for apache Batik in API_NAME is as follows.,neutral
The short instruction is.,neutral
I have registered some CellEditors with all my columns.,neutral
"Since guava 21, you can use.",neutral
You can then iterate through each departure element.,neutral
"I have just a quick question: Are files created before they are finished, or are they finished and then created?",neutral
"For example, the following works great.",positive
You may want to check CODE_FRAGMENT.,neutral
Good luck!,neutral
Perfect would be to have in my CODE_FRAGMENT.,neutral
See the documentation of FileWriter.,neutral
"So, the booktime and the appointments in it are getting copied.",neutral
( Should be visible in a couple of days ).,neutral
"Say, after several text appended to a text area, I want this to be appended.",neutral
"That's exactly why you should always store date and times in relation to UTC and convert them to local time zone before displaying, otherwise you risk an ambiguity.",neutral
Here's an example of a JSON structure.,neutral
Examples of FILE_NAME names include.,neutral
Remember you should use FULLY QUALIFIED CLASSNAME.,neutral
You create a reference type by prefixing FILE_NAME declaration with CODE_FRAGMENT keyword.,neutral
Also each String object contains reference to char array.,neutral
You need to encapsulate the regex pattern in quotes.,neutral
In my main method im parsing the command line arguments like this.,neutral
I want to display only the headers of public functions.,neutral
The result was byte [ ].,neutral
"This means, it was not possible to resolve the dependencies of the API_NAME to the API_NAME.",negative
I am writing a cloud-sync application in Java with.,neutral
"Besides increasing your heap, most of the time, it also helps to increase your PermGen space by using the CODE_FRAGMENT paramater.",positive
We want parallel treatment of our items.,neutral
Create the number of buttons that you want with different button id.,neutral
Stable and production ready lib.,positive
I am using batik library to create pdf document from svg file.,neutral
"( If you're not using Java 8, it's easy enough to write a CODE_FRAGMENT which takes an existing one, and a CODE_FRAGMENT which takes two existing ones. )",neutral
If I got this right.,neutral
"In lieu of that, however, in my experience, ASM offers probably the best combination of maturity, flexibility, and ease-of-use.",positive
"Would I in theory, be able to send a notification with whatever information I want to that device?",neutral
"In a word, no.",neutral
you have to use CODE_FRAGMENT.,neutral
Specifically for bower there looks to be a good maven plugin here.,positive
Note that the time zone ( for Rome ) is specified.,neutral
Used in CODE_FRAGMENT as well CODE_FRAGMENT methods.,neutral
They should be unique!,neutral
thanks in advance.,neutral
I the next best thing I've found so far is to project the byte buffer as a CODE_FRAGMENT and call CODE_FRAGMENT.,neutral
The logcat is as below.,neutral
list of UIDefaults by @camickr.,neutral
Do i need to use event mechanism?,neutral
because it provides the lot of flexibility and improvements over using normal arrays.,positive
You need to escape dot.,neutral
"CODE_FRAGMENT type of inputs are not simple attributes, they are sent in separate chunk of the request.",neutral
The full story here!,neutral
Think of an CODE_FRAGMENT as a CODE_FRAGMENT stripped of it assigned time zone.,neutral
Chat window using JTextPane no images though.,neutral
I am not sure why I can not get it to work and have been struggling with it for a while.,negative
This may or may not work.,negative
So my question now is.,neutral
Sam ( author of the Spring TestContext Framework ).,neutral
Using consistent indentation and sensible whitespace can make your code much easier to read.,positive
Consider the following two Java regular expressions: CODE_FRAGMENT and CODE_FRAGMENT.,neutral
CGLIB proxy did not work for my case.,negative
Or there are any better approach for this?,neutral
Use API_NAME ( ) instead of API_NAME ( ) to load the extracted binaries.,neutral
is there FILE_NAME api to translate it?,neutral
Autoboxing is syntactic sugar. ),neutral
Updated code.,neutral
Problems creating JAXBContext to marshal object as XML.,negative
Loading and storing bytes in the byte [ ] consumes 1/2 the bandwidth versus chars in the char [ ].,neutral
Anyone have any idea on the problem?,neutral
While there are modules that need a Spring context since they just wrap parts of the domain model we think that some of our APIs do not.,neutral
Any suggestions or interesting links appreciated!,neutral
There are 3 things you can do.,neutral
How should I encode these 2 parameters to be consistent with what w3schools says is correct ( or is w3schools wrong? ),neutral
It gives me the `Failed to Create the Java Virtual Machine '.,neutral
Remember to have a CODE_FRAGMENT clause.,neutral
P.S. Tha last question for this is 4 years old so there is eventually a new solution for modern systems with java8 in combination with a native.,neutral
Working Python Code.,neutral
This should almost be obvious.,positive
"So if i changed the 1st comparator to sort by name, not price, the 2nd will changed as well, but not the opposite!",neutral
"When you have received the CODE_FRAGMENT warning ( fatal in Java ), retry opening a CODE_FRAGMENT, but this time without a host name.",neutral
Why it technically does not work without CODE_FRAGMENT.,neutral
"You need an RSA key for encryption, maybe you can switch your signature algorithm to RSA/SHA1 to avoid the need for two keys.",neutral
The image below shows that it's being compiled from the Maven script.,neutral
"All attempts I've made were, in a shortcut, unsuccessful.",negative
At least I can commit a project on OSX and update to Windows and it still works.,positive
As per the Java doc.,neutral
I want it to resemble something like the linux folder structure ( having a root and all decending from it ).,neutral
"However when I try to run FILE_NAME, it gives ``The system cant find the path specified error ''for the batch file.",negative
On the right side of notification android is showing time.,neutral
Below is FILE_NAME which holds the data -.,neutral
"Or since in NUMBER% of cases, day will be correct.",positive
Your API_NAME is messed up and doesn't list dependencies properly.,negative
Here is what the content of FILE_NAME ended up looking like.,neutral
due to which spring dependency injection was working fine and was getting a bean through.,neutral
"I understand why you tried CODE_FRAGMENT, but with the fix above we no longer need that, we can just declare it CODE_FRAGMENT.",negative
First define an object to hold the entity coming back in the array.,neutral
Check out this link for more info.,neutral
I'm using it to convert huge lists of strings with HTML entities in them back to normal strings.,neutral
This would look like.,neutral
"Note that the GUI's CODE_FRAGMENT can update arbitrary components, and the progress bar can be customized.",neutral
Someone saying here that.,neutral
But this gets optimized by the JIT and there is no measurable impact in production.,positive
CODE_FRAGMENT is what you use to create an object in managed heap.,neutral
Not an extremely expensive operation I think.,positive
Throw a specific/custom exception and set a specific CODE_FRAGMENT for that.,neutral
and with WSAddressingFeature enabled.,neutral
How to fix it?,neutral
So if you annotate FILE_NAME only with CODE_FRAGMENT it will not get exported.,neutral
"Even in your own parsing approach, you can make it faster by returning the enum when you parse the list.",positive
The code in Java is.,neutral
"Thread 2 iterates CODE_FRAGMENT and finds matching records by calling CODE_FRAGMENT, iterating the submap, giving matching CODE_FRAGMENT and CODE_FRAGMENT records to thread 3 for processing.",neutral
"I have a project that is using Apache POI, and I made sure to include all the external JARs.",neutral
"Finally, we found the problem.",neutral
CODE_FRAGMENT against an object checks for reference equality.,neutral
I'm trying to compile a tool which uses apache ant on linux.,neutral
And this code worked.,positive
How can i solve it.,neutral
The regex is.,neutral
It should mean either of the following two.,neutral
Like this.,neutral
"If you want to print a int as binary, use CODE_FRAGMENT to get the string representation of a CODE_FRAGMENT in binary.",neutral
To get the terms we parse the TermsVectorResponse as follows.,neutral
To get negative values working as well you could make a helper method for this.,neutral
"Its a little complicated, there is a full example in this loadNativeLibrary ( ) method.",negative
you can use a CODE_FRAGMENT.,neutral
You almost certainly have a firewall or anti-virus program blocking your ability to connect.,neutral
All of that can just go.,neutral
So try.,neutral
Can anyone told me how to compare this two in best practice?,neutral
I `am using library CODE_FRAGMENT for work with CODE_FRAGMENT file's.,neutral
`users' table is located in newly created database.,neutral
"This exception is not because of absence of SunPkcs11 because i see the SunPkcs11 that i added, in the providers list.",neutral
It's documentation can be found here.,neutral
But this refernce doesn't solve my problem.,negative
First declare all variables.,neutral
For direct and heap byte buffers CODE_FRAGMENT uses the CODE_FRAGMENT and CODE_FRAGMENT methods.,neutral
Some technical details.,neutral
"However, you can find the documentation in the OpenJDK source itself.",neutral
Then assign value.,neutral
"It is possible to pass VM flags to expand this range, too.",neutral
Thank you for any hint.,neutral
It's ok.,positive
Single page export is limitation of this library used to export PDFs and currently page size is simply increased to accommodate more data.,neutral
this is one of the mechanism provides by Struts2 to handle Cross-Site Request Forgery ( CSRF ).,neutral
DO_NOTHING_ON_CLOSE ( defined in WindowConstants ): Don't do anything; require the program to handle the operation in the windowClosing method of a registered WindowListener object.,neutral
"You do that explicitly, but they are also a transitive dependency to hibernate-validator so you would get them either way.",neutral
On a sidenote.,neutral
That is what is causing your null pointer exception.,negative
"Problem: without zooming, the added content doesn't get visible.",negative
I have got CODE_FRAGMENT code through reverse engineering tool CODE_FRAGMENT.,neutral
You are missing CODE_FRAGMENT for that your patter not match because it contain more than one character or number.,neutral
Here is the FILE_NAME implementation.,neutral
"The set can be a CODE_FRAGMENT, and you can wrap in an unmodifiable for good measure.",positive
so it comes with the server.,neutral
API_NAME: String index out of range: 3.,neutral
But the file output messes with the chinese characters.,negative
I heard like Java is the most suitable platform to develop that.,positive
I know the question is very broad but please help me thanks.,neutral
I am doing a small project it is a interoperability FILE_NAME and.,neutral
"WEB_ADDRESS #setString% API_NAME,% API_NAME% 29.",neutral
"Edit: To call an Oracle function from Java, see if this works for you.",neutral
"The application is a Spring/Hibernate webApp, which access the Oracle database.",neutral
This method behaves as though it invokes print ( String ) and then println ( ).,neutral
"So, using... It outputs CODE_FRAGMENT for me.",neutral
Here are my classes.,neutral
... but no such thing exists.,negative
I feel like there should be some way of doing this with the FILE_NAME but I can't figure out a way to use it to get properties from an entity.,neutral
I suspect that's why the language designers made that decision.,neutral
"It didn't make any difference, I receive the same error.",negative
The error is as shown below.,negative
I've a program test to see if the user input is a positive number and an integer.,neutral
I found API_NAME but that is for Ubuntu and not for Windows.,negative
For more Information: WEB_ADDRESS.,neutral
That means you need to use the Google FILE_NAME files.,neutral
Java JTextPane JScrollPane Display Issue.,negative
"install4j transforms entered package names to path names, so ''.''",neutral
Please see the following sample code.,neutral
Any idea what i might be doing wrong.,negative
You include your if / switch in a Factory which takes care of the ugliness and hides the abundance of ifs.,positive
I would like to keep that original window open throughout when the user is using the File Chooser and after.,neutral
At the moment I am receiving a ClassNotFoundException to API_NAME.,negative
I had what I believe the same issue is.,neutral
Here is the FILE_NAME.,neutral
The package gets deleted in the registry.,neutral
"I've read a bit and tried out some of the libraries which were pointed out here, such as Velocity and FreeMarker.",neutral
My CODE_FRAGMENT's CODE_FRAGMENT was commented out by default.,neutral
Try to download *.,neutral
You need to inject LocalSessionFactoryBean into ObjectMapper.,neutral
Looks like it is getting timezone As an off-set from GMT in hours.,neutral
Then you can consume the service and get a strongly typed list via.,neutral
Does anyone know how to resolve this problem?,neutral
See details of this method here: WEB_ADDRESS #API_NAME.,neutral
You can also invoke Future #isDone ( ) prior to Future #get ( ) to know if the processing is complete.,neutral
"Ok, I finally figured out what I was looking for ( this link was also quite helpful ).",positive
"There's basically nothing to clean up apart from the input stream and structures in memory... the GC will take care of the memory, so you're done.",neutral
"Anyway, their current behavior does not allow what you want.",negative
How can i do that?,neutral
"I am using standout library, I added a videoView in it, Everything is running correctly, Except if i click on video then mediaController Is not Showing and i am getting null pointer exception.",negative
You probably to build your own event mechanism in which the events carry the information you need with them.,neutral
In order to avoid such problems in future you'd better use some IDE ( e.g. Netbeans IDE or Intellij IDEA ).,neutral
EDIT: I guess I need to rephrase my queries.,neutral
Multiple Threads ( Inner classes implementing Runnable ) sharing a Data Structure ( instance variable of the FILE_NAME ).,neutral
Are there examples you have that could shed light on the above MapHelper's usefulness?,neutral
Regarding your 6 points.,neutral
"If they press Enter it should break the While loop and move onto the next statement, right?",neutral
"I have a session bean, declared as.",neutral
This uses ByteBuffer's CODE_FRAGMENT method.,neutral
Now you can use.,neutral
The maintainers' rationale is covered in the JSF specification.,positive
I tried the following and it returns nothing.,negative
"Connections, on the other hand, are expensive and need to be managed carefully by the application.",negative
Is there a configuration for Jackson/Spring that I am missing?,neutral
I can draw the circle with a transparent background like this.,neutral
And DispatherConfig is this.,neutral
I don't have any code to show because I don't know where to start.,negative
JSTL will make the CODE_FRAGMENT tag available which can be used to iterate over you collection.,neutral
Optionally replacing the CODE_FRAGMENT with the actual processing logic.,neutral
"To learn more, see the Oracle Tutorial.",neutral
"It's an excellent, fast library.",positive
Where the extra parameter CODE_FRAGMENT is to enable the append mode.,neutral
About setting default production profile already posted @andih.,neutral
Your CODE_FRAGMENT method calls itself recursively leading to an infinite recursion.,negative
Now consider the following FILE_NAME.,neutral
I was unable to get a perfect match.,negative
Use FILE_NAME instead of float.,neutral
Why is it reading it wrongly?,negative
That would just be extra code for the sake of just a particular CODE_FRAGMENT implementation.,neutral
Most Strings are compressible.,neutral
"While using Eclipse, it is no problem, all is compiled and can be run with no problem.",neutral
"You can not supply system properties to the API_NAME tool, unfortunately.",negative
How could I add FILE_NAME files into the CODE_FRAGMENT file??,neutral
"In some cases there is a trade that you need to do, thus you should take into account your project's requirements.",neutral
it can be found here.,neutral
And then in your other file.,neutral
What about CODE_FRAGMENT and calling CODE_FRAGMENT on the returned CODE_FRAGMENT.,neutral
I can not read correctly a CODE_FRAGMENT and i have charset problem.,negative
My API_NAME seems to include the reference.,neutral
System prints data like this.,neutral
But when I run this json through CODE_FRAGMENT I see that CODE_FRAGMENT been replaced with CODE_FRAGMENT.,neutral
"FILE_NAME does one thing, and does it well.",neutral
But it isn't working like I expected.,negative
jars within lib / folder to your classpath.,neutral
Someone on StackOverflow had similar problem.,negative
Let's look at a sample call.,neutral
Plese guide.,neutral
Is this the correct way to display posts on the app page?,neutral
Of course you can combine both.,neutral
This website shows how.,neutral
The FILE_NAME looks like this.,neutral
"I don't know if this is the `accepted 'way, but with the following code I comine CODE_FRAGMENT files with programmatically created rules in Drools 6.",neutral
Here is a code that I have written.,neutral
Your EntryListener will be called by Hazelcast's internal threads.,neutral
Let me know if you need more details.,neutral
It should be solved FILE_NAME 8....,neutral
Hope it helps.,neutral
"I expected there to be a CODE_FRAGMENT Menu in the CODE_FRAGMENT, but there is none.",negative
In both cases the BigDecimal shows me what the number is that it holds.,neutral
"Maybe you could do the same that he did, i.e. explicitly declare rc05 version of Guava to force maven to use this one?",neutral
First declare it like this.,neutral
Just delete the method.,neutral
OutputRaw solve me issue.,neutral
since a day I have a very annoying problem - I can't run any Spring MVC application: / Today I have tried to write something basing at Spring Documentation.,negative
But the underlying hard distinction between primitive and reference types remains.,negative
And I got the output like this.,neutral
"A workaround might be to use reflection, however this isn't a generally recommended approach for a number of reasons ( brittleness, performance problems, breaking encapsulation, etc ).",negative
More details in thread.,neutral
I'm considering making an Android app that integrates OData also.,neutral
In the future study the input and the output of your systems carefully.,neutral
"So instead of setting Bundle to null, you can do something like this.",neutral
Can anyone please help me out with this.,neutral
"Since CODE_FRAGMENT is a meta character, and it's have a special meaning in regex.",neutral
"Store the valid strings in a CODE_FRAGMENT, and decide whether a string is a valid day or not based on CODE_FRAGMENT.",neutral
This way this variable get configured in every instance you use.,neutral
In my CODE_FRAGMENT script I have.,neutral
"I don't want to get the last token and reuse it for the next query, it does not make a sense since I want to use batch.",negative
I'm having trouble figuring out how to do this in drools 6 +.,negative
Question 2: From the javadoc.,neutral
You absolutly need to be compiling FILE_NAME JRE NUMBER!,negative
Important is that you use the right names for packages.,neutral
You can see in the code above I use this to call my bean in the other proyect.,neutral
There is no exact equivalent of a CODE_FRAGMENT in JDBC.,neutral
( note: CODE_FRAGMENT is my JPA implementation ).,neutral
I Add Junit >> > right click on project - > properties - > Java Build Path - > libraries - > add library.,neutral
For testing I've created a.,neutral
"Now in the onCreate method I have insert in all tab, the FILE_NAME, but I will to create three FILE_NAME for the three tabs.",neutral
where CODE_FRAGMENT is your CODE_FRAGMENT.,neutral
"Your showFields method needs to traverse FILE_NAME hierarchy, something like this.",neutral
"If you need to shorten the button code, Use View's in OnClick ( ) with help of switch statement.",neutral
Here is the Tomcat 6 LOG ( it sends to subscriberID '99' ).,neutral
This video ID will be of next thumbnail which will be flipped.,neutral
We can extract an CODE_FRAGMENT from each of our pair of CODE_FRAGMENT objects.,neutral
"If you can, try the G1GC collector.",neutral
( Hopefully with a good example. ),positive
"As an aside, configuring the CODE_FRAGMENT that is created by the CODE_FRAGMENT is not supported.",negative
2 ) Create `bower_components' folder outside of your src folder.,neutral
"Comparison time should be fast, so total run time should be only slightly more than sum of run time for each ordered query.",positive
You could simply add another Jar task and give it a unique classifier to distinguish it from the ``standard ''library.,neutral
"I want update text by line number,.",neutral
"Also, based on what I can see from Stas' blog entry on the subject, the unit is milliseconds, not seconds.",neutral
"I can successfully call my service but when generating the response, it seems to crash.",negative
"Working: took classes from Eclipse project's bin folder, ran on a Unix machine.",neutral
"If you want to implement a dynamic binding between names ( strings ) and values in Java, use a FILE_NAME.",neutral
They both seem to print out the list fine.,positive
This library is attached to a Java Agent.,neutral
You can get all notifications using ftplet.,neutral
"Since this is correct, why byte code noting down the return type of the called method, and raising error when the library is updated with a return type for the method.",negative
"CODE_FRAGMENT overrides these methods, so there is no fear that such an Exception will be thrown.",positive
Any tip?,neutral
Now you can write your Selenium WebDriver code as below.,neutral
but still nothing.,negative
You can use this regex.,neutral
"For example: if I have an excel sheet populated, I can change the value of certain cells while leaving the value of others?",neutral
Earlier I was writing the file to local machine then it was working fine.,positive
I have tomcat hosting my website FILE_NAME api for database management.,neutral
I am not sure about Map implementation in HazelCast.,negative
I'm developing a mobile application.,neutral
Thank you in advance!,neutral
Second: you are mixing CODE_FRAGMENT ( instantiation through JSF ) with CODE_FRAGMENT.,neutral
Any help would be appreciated.,neutral
Well... no.,neutral
When I open the file API_NAME it contains a single line of data.,neutral
ASCII codes... Characters are understood as integers in the above code ( e.g. CODE_FRAGMENT is 65 ).,neutral
Add other jars from your JDK.,neutral
"Forgot ',' in Create Table Statements.",neutral
I'm printing a String.,neutral
Hope it clarifies.,neutral
"Additionally, the CODE_FRAGMENT is never called.",neutral
You absolutly need to be compiling FILE_NAME JRE NUMBER!!,neutral
APKInspector provides both analysis functions and graphic features for the users to gain deep insight into the malicious apps.,positive
"I need all subclasses to execute CODE_FRAGMENT, but I can't rely on them doing it explicitly.",negative
"Once you have the CODE_FRAGMENT, you can get to the CODE_FRAGMENT and the public and private keys.",neutral
Spring AOP provides an option on proxy via FILE_NAME @EnableAspectJAutoProxy ( proxyTargetClass = true ).,neutral
"So, basically you write primitives ( e.g. CODE_FRAGMENT ) or objects ( CODE_FRAGMENT ) with the CODE_FRAGMENT and then you read them back using the CODE_FRAGMENT with the corresponding CODE_FRAGMENT-methods.",neutral
"It will do the correct, ``legal ''stuff.",positive
drl file for creating new rules and modifying rules.,neutral
This method is intended to just re-use the existing array and not allocate any memory.,neutral
You can't suspend a thread like that.,negative
I finally managed to get it to work.,positive
See also `Is there a Java equivalent or methodology for the typedef keyword in C++? ',neutral
"You can achieve everything @Vadim Martynov's answer does with an additional type parameter and additional type constraints, and still receive compile-time verification.",neutral
When I sum 3 hours to my midnight I get 04:00:00!,neutral
Assume you have this directory layout.,neutral
So the question is.,neutral
API_NAME can be used.,positive
"in a application you can workaround with scaling the window size, but in an applet I wasn't able to solve that problem.",negative
And a string contains the name of the enum.,neutral
"Using this, i am able to generate an encrypted text but the PHP server is not able to decrypt my encrypted text.",neutral
Use it.,neutral
Hibernate related maven conf.,neutral
I was thinking of creating a new JSONArray object and copy node which contains Carlos.,neutral
Adding API_NAME ( ) after awaitTermination ( ) method call can provide a delay which can get you the output you were looking for.,neutral
Java library for reading multipart/form-data http body containing multiple files.,neutral
Like this: CODE_FRAGMENT.,neutral
"Due to type erasure, it will have a method CODE_FRAGMENT on the byte code level.",neutral
how I could achieve this.,neutral
"It means, that if you add more than 5 hobbies, it will throw CODE_FRAGMENT.",neutral
How can I detect a USB device plug in and out ( kind of listening ) with Java?,neutral
"So, to send a message to specific socket all you need is to call CODE_FRAGMENT.",neutral
Netbeans with JAXB Random ClassCastException.,neutral
"It started about a month ago, after a deployment.",neutral
Because it's not initialized yet.,negative
"I've separated the loop body into two statements for clarity, but it's equivalent to.",neutral
"In the code you referenced, readLine is called on a BufferedReader.",neutral
The complete error message is.,neutral
Let's assume my model looks like this.,neutral
Of course it will works fine if only you know how many tasks you have.,positive
I'm new API_NAME and trying to make a simple client-server app.,neutral
"I have the same problem, I think it caused by CODE_FRAGMENT's proxy.",neutral
All projects will see the changed JRE definition.,neutral
So a simple initialization would be.,neutral
"The repository description on MVNrepository lists several compile dependencies, including Selenium-Chrome-Driver, Selenium-FirefoSMILE_FACEriver, etc..",neutral
"Or, assuming that CODE_FRAGMENT is a specific implementation of the CODE_FRAGMENT and AInterface is the central access we could just say, A uses a certain implementation of BInterface by default and so on and actually set them internally with new.",neutral
"If you have access to the configuration of your EJB container and you can set the executor, then you could Guava's addCallback method.",neutral
but you can use the very util FILE_NAME like.,positive
I am developing some small stuff for google app engine FILE_NAME.,neutral
Wrong CODE_FRAGMENT CODE_FRAGMENT attribute.,negative
"As you can see, the translucent text is clearly standard AA and rather than a clean translucent rendering, it has that awful '90s ``spidery ''appearance.",negative
"You can add a util method to your test, something like.",neutral
and call this at every button: ( saves you the setOnClickListener ).,neutral
"NUMBER mapping-file, FILE_NAME-file, FILE_NAME, exclude-unlisted-classes.",neutral
I'm looking for a well-maintained Java bytecode manipulation library with an intuitive API.,neutral
An CODE_FRAGMENT is a moment on the timeline in UTC with a resolution of nanoseconds.,neutral
I am looking to plot cluster heat maps from gene expression data that I have.,neutral
You can use syntax like.,neutral
I've notice that some of the feeds had false value.,negative
The only thing to take in account is that templates must be staticly generated ( in order to be processed at compile-time ).,neutral
Let's put your code inside a method.,neutral
"Only unchecked exception, compiler can skip to check.",neutral
"Also, the compiled library is available by adding the following to API_NAME.",neutral
use CODE_FRAGMENT.,neutral
I've given an example below.,neutral
You do not need to do anything special.,neutral
The option reduces heap usage.,positive
I was wondering if it is possible to do something like this.,neutral
"jMock, mocking based on Hamcrest Matchers.",neutral
But sadly this is not working.,negative
User hibernate validation 4 +.,neutral
I also have set JAVA_HOME.,neutral
Question is of course: what is a solution to use the result of Oracle function for the new value of the ID?,neutral
I wouldn't worry too much about memory consumption unless you either have an insane number of tracks or several different maps floating around.,positive
Also CODE_FRAGMENT shortcut is used.,neutral
"Guava provides a factory method for decorating each ExecutorService as ListeningExecutorService, so you are free to use whatever ExecutorService you had beforehand.",neutral
There are many errors in this code.,negative
Hope this helps anyone out there!,neutral
What is a CODE_FRAGMENT and what is a CODE_FRAGMENT?,neutral
Omitted time zone.,neutral
I would recommend that you check the documentation for what they do.,positive
On Facebook i ran in to a problem.,negative
"I did some modification and in the end it was working, but it does not support odata functionallity ( queries like $filter, $oderby,... ) and for each request I need a new instance.",neutral
This is your problem.,negative
See here.,neutral
I want it to use id instead.,neutral
Hi I have a sample log file here.,neutral
Check here for an example which returns a String.,neutral
then I gets the module error again from JNA.,negative
Java doesn't have in built method on array to do slice but there are classes which can help you with it.,positive
You can setup your API_NAME as filtered resource and have this value filled by maven from maven profile settings - that what we do.,neutral
Any advice is welcome.,neutral
Thanks in advance!,neutral
The program is just a hello world Program.,neutral
which someone converted to a JSON string as follows.,neutral
Thank you in advance.,neutral
Not sure why but I am getting following error from my FILE_NAME.,negative
"May be some resources will need to be copied from archives, too.",neutral
This is part of the code which was working fine and now it's not.,negative
Every file has same data which is saved into Employee Table.,neutral
The FILE_NAME file will compile without and trouble.,positive
"Java's CODE_FRAGMENT complies to this RFC, with a few caveats mentioned in its Javadoc.",neutral
it's worth a shot.,positive
Here list is the list of all question you are having....,neutral
I am completely newbie to this topic.,neutral
Enabled and pointed my client to a secure port on my container and the last example ( the one that causes the exception ) works successfully.,positive
Does CODE_FRAGMENT work?,neutral
How do you use all these dependencies?,neutral
Will it mean I can not use OAuth2 redirect URL will developing?,neutral
Well a solution that works for me.,positive
FILE_NAME is only useful if you are using standard Java beans naming conventions for accessing the properties of your entity.,neutral
Currently I'm working on a school project for a Java course.,neutral
This code failed.,negative
Not related.,negative
"Sorry, should've added more.",neutral
"Also, what's the difference between wait() and await() from CountDownLatch?",neutral
What is context and what is CODE_FRAGMENT?,neutral
I tried something like this.,neutral
Thanks alot!,neutral
#NAME?,neutral
So it's basically in the wrong form.,negative
You can't open CODE_FRAGMENT with CODE_FRAGMENT.,negative
"Each node in the network sends periodically updated data from sensors ( voltage, current, temperature etc. ).",neutral
The result was the same that i don't have the correct permissions.,negative
This prints ``Press Enter ''to the console and makes sure the input box is empty.,neutral
And use Java code like this.,neutral
Here's a set of solutions to this challenge for both JDK types and Eclipse Collections types using CODE_FRAGMENT.,positive
Here is a MacOSX MenuBar.,neutral
( note: select path from: c: / program file/smart solution/weighning management/system/API _ NAME ).,neutral
The unicode for white smiling face is\ u263A.,neutral
I think that you have a problem described in this bug report.,negative
Here is a brief description of it.,neutral
Let's take a look at the CODE_FRAGMENT method.,neutral
I have looked to the JNA code of the extraction method.,neutral
and of course API_NAME.,neutral
I have a string like this.,neutral
Can i use the Object o parameter specified in the vote interface method?,neutral
What exists for programmatically creating new rules from Java?,neutral
"because this API depends on which server ( tomcat, jetty ) you are using.",neutral
"When I first saw it, I was horrified.",negative
The exception is throw on CODE_FRAGMENT.,negative
There is another angle to this.,neutral
Lets see....,neutral
To get HTTP Response code FILE_NAME.,neutral
"You are using Java 7, so if you can in your current environment, give it a try.",neutral
Many thanks.,neutral
so I'm not happy with it.,negative
Is there better way than to do it manually?,neutral
I don't know if it is possible to show timer on cards.,negative
Server not starting in Eclipse Gallileo IDE with WAS7.,negative
"So, I thought I could create FILE_NAME that counts and pass the stream through a API_NAME code is in this answer.",neutral
"That is why it says ``Non-static method toString ( int, int ) can not be referenced from a static context '', because you are trying to access a method which is not static in a static way.",neutral
and finally here is the FILE_NAME.,neutral
That way you often don't need to implement CODE_FRAGMENT at all manually.,positive
"Unrelated to that bug, but a bug still, you should not create swing components outside the event dispatch thread.",neutral
and the attributes inside context object will also.,neutral
What do I need to change about the way I package my app so it can just use the latest Java?,neutral
Runnable example ( adapted from answer to your previous question ).,neutral
Maybe there are some problems with the path of the file ( on my pc )!?!?,negative
I tried below code and I got this output.,neutral
Here is the code that does the push.,neutral
"Bear in mind, that the above code might not compile ( I haven't tried it out myself... ).",negative
"But, i didn't give me the thing i need!",neutral
From what i have found the only API that is almost up to date is RestFB.,neutral
If your ``GUID ''is a CODE_FRAGMENT then the probabilities are quite low.,neutral
Can you do something like this were Java is FILE_NAME library.,neutral
Accourding to this answer.,neutral
How to send asynchronous HTTP GET/POST request FILE_NAME without waiting/reading response?,neutral
Any ideas are appreciated.,neutral
The following comment is found at the Java documentation.,neutral
Hoping to get an alternate approach or a small overview of AnchorPane constraints.,neutral
Your CODE_FRAGMENT method will pass a CODE_FRAGMENT directly to CODE_FRAGMENT.,neutral
"If you want content, use the CODE_FRAGMENT element ( which isn't a void element ).",neutral
"As the error says,.",neutral
i am trying with Jackson but im getting no suitable output.,negative
I am running the program as a Java Application.,neutral
"The name CODE_FRAGMENT is a package name, and we only use the name of the site as a convention.",neutral
You should always check the return values of functions for error conditions.,neutral
"Now I was thinking of creating FILE_NAME progress page, which would sleep for 5 seconds, then generate a request and supply it with the filename that we want to know the progress of.",neutral
I have a native library that I call using JNI.,neutral
"There's no way to do that, AFAIK.",negative
NOT WORKING: directly compiled the src on Unix machine and used FILE_NAME files.,negative
"However, this comes at a price.",neutral
"Since you are using CODE_FRAGMENT, this will help.",neutral
This example compiles and runs.,neutral
all variables will be initialized ( with value 1 ).,neutral
In App 2 if I call API_NAME ( ``Test1 '') will I get a null pointer exception or will I get 1?,neutral
"That is, it checks to see if these two objects are literally the same spot in memory.",neutral
"It seems, that there must be some problem when genereting the response.",negative
Thanks in advance to everyone.,neutral
By default CODE_FRAGMENT sets all parameters on the value stack.,neutral
You could use a fair Semaphore called NotSleeping.,neutral
"If call is successful, the onResponse ( ) method is called.",neutral
"Note that I used CODE_FRAGMENT, not CODE_FRAGMENT, because the latter only processes public fields.",neutral
Javolution Structs supports mapping of off heap memory as a data structure.,positive
Use CODE_FRAGMENT.,neutral
It is not advisable to avoid an exception with an empty catch block even though you are completely sure that is not going to fail under any circumstance.,negative
"a way to get FILE_NAME type, thread group or maybe just the priority of the interrupting.",neutral
"If you decalre CODE_FRAGMENT means all EC, CC, PT and HC values are one.",neutral
You could write a Matcher that only accepts alphabetic characters.,neutral
Create your index like so.,neutral
If not I just wanted to know if Java serializes objects that haven't been initialized yet.,neutral
and hear is the code to connect.,neutral
I also tried using this.,neutral
"I created a library project, exported it to a JAR file, and added to the build path of a couple of clients.",neutral
how do i map FILE_NAME to set the values and create a different json with the same format?,neutral
Add CODE_FRAGMENT after your other two CODE_FRAGMENT lines in your CODE_FRAGMENT.,neutral
Documentation: WEB_ADDRESS.,neutral
Thank you a lot in advance.,neutral
"Suppose to have an FILE_NAME, say CODE_FRAGMENT, and two non-abstract subclasses, say CODE_FRAGMENT and CODE_FRAGMENT.",neutral
If you know the word can only be found once you can surely place an break; statement so the loop won't continue after finding the match.,neutral
"Quite contrary, on Windows.",neutral
I don't know what else to do to make things to work.,negative
API_NAME: API_NAME ( ) FILE_NAME / lang/String;.,neutral
"There are many ways to solve it, the simplest is call.",positive
CODE_FRAGMENT working almost same way.,neutral
Is there a best practices in using bower with a web application such that the application isn't bloated with unnecessary third-party library files?,neutral
The good news: CODE_FRAGMENT is true.,positive
"But now I think the problem is, JNA creats temp files for the native librarys wit ``jna ''prefix and a unique generated numeric value.",negative
mm stands for minutes.,neutral
Can I use a recursive function?,neutral
"In any case, manually adding an instance of CODE_FRAGMENT to the front of the filter chain in your test will solve the problem.",positive
You can look at the readme document on Github repository to get started.,neutral
can be found here.,neutral
"Please note there is a bug in FILE_NAME, L996 +997.",negative
Maybe JavaScript can do the desired actions?,neutral
"To access a shared structure in a multi-threaded environment, you should use implicit or explicit locking to ensure safe publication and access among threads.",neutral
"You'll need to customize the formatter's CODE_FRAGMENT method, since NumberFormat normally ignores trailing characters.",neutral
The output looks like this.,neutral
take a look FILE_NAME executors as these will help with your scheduling and remove the need for the sleep.,positive
Say I have a input field which will only accept a CODE_FRAGMENT when the submit button is pressed.,neutral
IS there any way so that I can open using the code itself.,neutral
"It says that you dont export the JUnit Library into the build, and if the build relies on the functionality of that lib, there might occur CNF-Exceptions.",negative
"Use full path in ANT_HOME, eg.",neutral
There are one caveat with the use of callbacks in JNA.,neutral
You use the simple array with the fix size 5.,neutral
"CODE_FRAGMENT is made of CODE_FRAGMENTs, not CODE_FRAGMENTs.",neutral
or more concisely.,positive
How to do that is explained here.,neutral
Here is an example of a row from the timetable.,neutral
FILE_NAME: 30 line is basically CODE_FRAGMENT.,neutral
"Now I want this, when the user check a shipper by EditTextView, I have from database an Object.",neutral
the jsonp response looks like.,neutral
"As well, I am adding a set amount of Labels using an array and a for loop,.",neutral
The FILE_NAME ( NUMBER ) is coming from camel-jaxb in my app so it seems very contained and not like this answer suggests.,neutral
"When the line is empty, it will return an empty string, CODE_FRAGMENT, not CODE_FRAGMENT.",neutral
Eclipse error: `Failed to create the Java Virtual Machine '.,negative
Of course it is up to you to re-organize the code to your needs.,neutral
Our CODE_FRAGMENT was set to the internal host name.,neutral
You also do not have to hardcode anything like CODE_FRAGMENT or CODE_FRAGMENT in your reflective code.,neutral
"About having FILE_NAME dependencies in a separate folder, as you suggested, that's also possible.",neutral
The resulting list contains ``Erik ''only.,neutral
Hope this helps.,neutral
"Which creates the file writer in append mode, see the docs here.",neutral
The customer is sleeping while he gets his massage.,neutral
"We have a requirement to show only -LCB- RED, BLUE -RCB- in a certain user interface?",neutral
"Java is a fine general programming language but databases are optimized for relational data processing: they just do it faster, with less CPU, less memory and less network traffic.",positive
And an CODE_FRAGMENT argument type can never accept a CODE_FRAGMENT.,negative
Just use CODE_FRAGMENT instead of CODE_FRAGMENT.,neutral
But you should have written.,neutral
you could use.,neutral
I inject the beans with AutowireHelper.,neutral
I am trying to link my native library to FILE_NAME application but when I try to run it I get a CODE_FRAGMENT exception complaining about missing symbols ( CODE_FRAGMENT ).,negative
Think of UTC as the ``One True Time ''.,neutral
So far i've done this for Twitter and it works very well.,positive
"( Note that nodes may have multiple style classes, though I have never understood why this is a CODE_FRAGMENT rather than a CODE_FRAGMENT. )",neutral
What can be the reason of this warnings?,neutral
"When i run this API_NAME, their shows only the labels, and No button aor text field.",neutral
Using this you'd basically only have to define your object graph.,neutral
You need to create DSN in windows 7 using following steps.,neutral
use an CODE_FRAGMENT and add a FILE_NAME if not in there already.,neutral
So I first tried to compile the sweet-alert-dialog project and I found out that I need to first somehow include the materialish-progress.,neutral
"i have an arraylist of objects, each containing a year/month/day / hour property.",neutral
And then for FILE_NAME we have.,neutral
"I expect to do a system when you can do a survey, and then, press a button, open a new activity and see survey answers.",neutral
It'll be available in JSF by CODE_FRAGMENT.,positive
"Finally, ID Selectors work by specifying an id on the node.",neutral
"I have created a custom MenuBar in my Processing sketch ( using Eclipse as my IDE ), but it is not displaying.",negative
You can try use byte [ ] instead of String object.,neutral
"Page contain also other components: grid, textarea and etc..",neutral
Call Java Oracle Functions From Java program and see the Java CallableStatement API.,neutral
But it's not necessary for our case.,negative
So i created this from scratch.,neutral
"Otherwise, the absolute name is of the following form.",neutral
And I see lot of demo and sample code about broadcasting with CODE_FRAGMENT.,neutral
Delete with a payload works fine in Jersey clients 2.x.x.,neutral
this is FILE_NAME to read your data from BlockingQueue.,neutral
It's meant for performance with big heaps.,neutral
hey ) here's how I usually achieve that.,neutral
Here is the actual data sent.,neutral
"I added it into my ANT_HOME / lib directory, but it didn't have any effect.",negative
The book time should be from 20:00 -6:00.,neutral
where mOut is an ActivityInterface.,neutral
FILE_NAME is instantiated inside an ItemProcessor bean ( spring batch ).,neutral
"I did not remove sunpkcs # 11 provider after each API_NAME (... ) call,.",neutral
Addendum: CODE_FRAGMENT is useful for managing lengthy background tasks while displaying interim progress.,positive
Don't use.,negative
Config example for spring is available at.,neutral
The FILE_NAME represents a moment on the timeline in UTC with a resolution of nanoseconds.,neutral
And I'm using the following block of code to invoke the service.,neutral
So what do you think?,neutral
And running your CODE_FRAGMENT will succeed.,positive
Look the documentation of InputStream #read ( byte [ ] b ).,neutral
WEB_ADDRESS #UNWRAP_ROOT_VALUE - see FILE_NAME #WRAP_ROOT_VALUE as well.,neutral
This is a list in python.,neutral
What happens if a thread has been executed same time more than once.,neutral
"To clarify, a CODE_FRAGMENT object has a method called CODE_FRAGMENT with the following signature.",neutral
"This way, you can create new readers for any filetype dynamically.",neutral
I want to check those http request/response pairs against mod-security rules for auditing-purposes.,neutral
"thus I tried to write my own tool using Ruby, which can be found in here.",neutral
"As others have stated, this is not an issue with JPA/hibernate but rather with the json serialization library you are using.",negative
"Every intermediate operation of CODE_FRAGMENT, such as CODE_FRAGMENT or CODE_FRAGMENT is actually just some kind of setter that initializes the stream's options.",neutral
But the exception is occurring.,negative
That way you don't need to worry about API_NAME.,positive
"Although, the console tells me that there is one instance up and running and the LOCAL_ANDROID_RUN variable in FILE_NAME is set to false.",neutral
"Note, however, it's called CODE_FRAGMENT, with a capital D.",neutral
I have a CODE_FRAGMENT starting alongside with app.,neutral
The best I've come across so far ( challenge 2 here ) is.,neutral
You might want to create a FILE_NAME for your data.,neutral
I start a new Thread for handling each remote object.,neutral
"You can add an onClickListener to the ImageViews in the FILE_NAME, something like this.",neutral
Please help.,neutral
I am trying to figure out how I could make something that looks like a folder file structure for a Java shell I am trying to make.,neutral
"For some mystic reason, the workflow is not enetering if ( )... Same exact code runs perfectly if I directly paste FILE_NAME files from Eclipse's bin folder.",negative
One which is the Pro full API.,neutral
"AS I know, it's impossible in the case.",negative
In the CODE_FRAGMENT listener we can determine which button was clicked.,neutral
This was configured in an API_NAME as follows.,neutral
CODE_FRAGMENT gets the value 1.,neutral
"( Come on, put at least a CODE_FRAGMENT there - Logging is the best practice here, as suggested by @BaileyS. )",neutral
Wildfly Developer Guide.,neutral
Check the CODE_FRAGMENT library in your project.,neutral
FILE_NAME project is called Osmosis and contains 2 packages search and common.,neutral
i am making application that have scroll listener that add data from multiple URL.,neutral
and you should get the following test results.,neutral
"You can use CODE_FRAGMENT with a dynamically created format string, e.g. input CODE_FRAGMENT should become CODE_FRAGMENT.",neutral
You'll need to use a regex for for the CODE_FRAGMENT path expression.,neutral
Select ``User DSN ''tab.,neutral
"( When I say don't use floats that includes doubles, it's the same issue. )",negative
safety and scope beans to current thread.,neutral
The `API_NAME 'property represents an estimate of the number of words in the Word document.,neutral
"Note that the byte is written as given; to write a character that will be translated according to the platform's default character encoding, use the print ( char ) or println ( char ) methods.",neutral
I see some mention of ``flavours ''on the net but seems all the hits are to do with Android development and properties.,neutral
So my Stream was finally.,neutral
I have FILE_NAME that allows to download a file from the internet.,positive
This is the first time I've encountered something like below.,negative
I guess my approach is wrong so I'd appreciate some guidance.,negative
"As part of GC, first minor GC is triggered.",neutral
Why not?,neutral
check API_NAME it's the fastest way to copy part of an array FILE_NAME.,positive
"I am trying to use JNDI for the JDBC connectivity, but it returns NULL DataSource.",neutral
An InputStream or a Reader is where you read your input from.,neutral
If I make the toString method static I get a different error in the FILE_NAME.,neutral
Here's a knocked up utility to prove the point.,positive
There is a dynamic templating component that is moving from the tapx component library to core Tapestry in NUMBER.,neutral
for which you can specify the target directory.,neutral
Define your production environment as default profile in your API_NAME.,neutral
Another option may be the Factory pattern.,neutral
"For example date like CODE_FRAGMENT should be converted to 13 February, 2013.",neutral
I wrote a newsletter about this on The Java Specialists' Newsletter.,neutral
What Left.,neutral
"my beans are destroyed, How on startup I can get the same bean registered.",neutral
keyboard is what I named the Scanner.,neutral
I want to use JSONArray FILE_NAME.,neutral
Note: I am a committer for Eclipse Collections.,neutral
"Annotations like CODE_FRAGMENT and CODE_FRAGMENT will not work, unless you process them yourself and invoke the appropriate methods.",negative
For deails see Adobe forums thread.,neutral
I am unsure how to return an array that will avoid returning CODE_FRAGMENT as an element of that array.,negative
I can send POST request with this code.,neutral
I am working on Spring MVC project in which I need to pass an object from my Controller to JSP and then I need to iterate that object and show them in a table FILE_NAME page.,neutral
it will tell from where to pickup the root-API_NAME.,neutral
Here is an example in Java.,neutral
If you use the XMPP protocol.,neutral
Example above produces output.,neutral
So I obtained the following project structure.,neutral
Follow the steps otherwise your code is fine.,positive
Thanks a lot @maasg... Solution was to add synchronized ( myArrayList ) before I check the size in the Thread 2.,neutral
Are they equivalent?,neutral
There is a central interface to access this API.,neutral
"After entering the details, when the button is clicked, the entered data must be displayed as shown below, but I am not sure how to align it.",negative
For versions and dependencies please see the API_NAME at the bottom.,neutral
Databases are much better at handling data than Java.,positive
"So we're wondering how do other API developers make their interfaces and beans accessible without relying on a context import ( which btw also clutters up the target context with many potentially unneeded beans, like for example if an API provides several services and I only want to use one )?",neutral
"You are really asking too much of the Java runtime ( and Jackson library ), by trying to make them infer all the required information about the type to be instantiated ( based on the parameterized return ).",negative
"In the debug outputs of JNA i can see, only the API_NAME will extract from FILE_NAME package.",neutral
"Precisely at March 30, 2010 01:00 UTC we switch time from +1 hour to +2 hours versus UTC, so March 30, 2010 00:59 UTC is March 30, 2010: 01:59 CEST, but March 30, 2010 01:00 UTC become March 30, 2010 03:00 CEST.",neutral
"It will return the same context object, it will not create a new object.",neutral
here is an example hot to use countdownlatch.,neutral
"The following code therefore, might be ( as I have not attempted using it ) a better one, if you are willing to use Mojarra specific classes.",positive
A single Gradle project can produce any number of JARs.,neutral
It's a good structure for safe publishing of data among threads.,positive
Example ( 35 degrees ): WEB_ADDRESS.,neutral
"I'm not too certain that the CODE_FRAGMENT solution is the best solution, but I think far from the worst, and should be pretty good on its own.",positive
"Until you create an object and assign it to the variable holding a reference to it, the value of that variable is CODE_FRAGMENT.",neutral
Specification is JSR 310.,neutral
I have a requirement to modify the templates at rumtime.,neutral
There is a good example showing how to put a file onto WebDAV server.,positive
I like working with eclipse better than Android Studio.,neutral
"If I run the code in the GUI, it just hangs.",negative
iml file if anyone is curious how Intellij is viewing this module.,neutral
But I want to connect this mobile application to the IIS server.,neutral
Let's assume that we have a for-loop that will loop through a collection or array of Strings.,neutral
"Alarmingly, my customer has discovered a setting in the Java control panel which resolves this.",neutral
Let's say that I have an Android library that has FILE_NAME Foo in it.,neutral
Below is my code.,neutral
... Which brings me to the only downside I found: it might take a little while to wrap your head around TrueZIP.,negative
Currently I can't see any performance degradation for 5-10k elements and 2 nodes.,positive
An example is as follows.,neutral
"So you can see, since CODE_FRAGMENT, exception is not thrown.",neutral
"On each iteration through the loop, you're incrementing CODE_FRAGMENT as well as CODE_FRAGMENT.",neutral
"But unexpectedly, I am getting 66.",negative
My logcat.,neutral
Then what is a CODE_FRAGMENT?,neutral
Here it's the function that parses the json.,neutral
I am not able to find any documentation or info.,negative
"All seems OK, but I get a NullPointerException ( NPE ).",negative
Declare below string FILE_NAME.,neutral
"It is able to handle all polygon cases, including the self-intersecting ones.",positive
resources/API _ NAME creation option: package required library into FILE_NAME ).,neutral
So this works.,positive
"I'm using CODE_FRAGMENT with a jackson and I was wondering if there is any better way to build a list of building an expanded version of this list than first calling then list method and then foreaching over all the Ids, calling the detail resources and appending the result to a list.",neutral
else your GUI will be Hanged.,negative
I have a service which writes input stream to a file.,neutral
"Assuming instance variables, frst way, EC, CC, PT are ZERO.",neutral
"The datasource should load from jndi, this is my API_NAME.",neutral
So the question is: Is there another library you can recommend that I missed?,neutral
"In order to improve performance, data which relates to output information ( eg.",neutral
It dependes where it is exactly located.,neutral
It seems Oracle really removed the option.,neutral
"I am not sure exactly how static classes in included libraries work, scope wise.",neutral
With use of API_NAME all does work perfect.,positive
CODE_FRAGMENT Terminates the current line by writing the line separator string.,neutral
Note that ``myLabelForShowingTheOutput ''is the JLabel you want to print.,neutral
How do I get this string into the form of a JSONArray so that I can access it's elements.,neutral
You will have to come up with a different approach if you expect to make it configurable after deployment.,neutral
We ran into the same sort of problem with Flex and JPA/Hibernate.,negative
No storage.,neutral
I have modified your code to add them.,neutral
This configuration works very well.,positive
This works for me.,positive
We have a Java web application served from Apache Tomcat 6.,neutral
I have found one more related SE question: CMS garbage collector - when does it run?,neutral
click on ``Start ''button - > click on`` Control Panel''.,neutral
Furthermore is there any other better api?,neutral
"I have this CODE_FRAGMENT file provided below,.",neutral
Data loss.,negative
Here it is.,neutral
Adding API_NAME-api-API_NAME resolved my NoClassDefFoundError.,neutral
Worked!,positive
What am I missing???,neutral
"CODE_FRAGMENT return an instance of type CODE_FRAGMENT which also CODE_FRAGMENT, but overrides some of the methods, including CODE_FRAGMENT and CODE_FRAGMENT.",neutral
Use this construct.,neutral
Consider the following interface.,neutral
Check if your Table has that style bit.,neutral
If you're interested I have more to add ( since there's not a lot out there about this topic )... We are currently using maven ``js ''artifacts so we can leverage maven's dependency management with our 3rd party js.,neutral
( So the problem is CODE_FRAGMENT ).,negative
Please see attached cause exception.,neutral
"What you probably want is CODE_FRAGMENT, which returns CODE_FRAGMENT if the cursor is not at the beginning of the result set OR if the result set is empty.",neutral
Looking up the documentation is step one of any question.,neutral
"That being said, the JARs you see there only support JPA, not core Hibernate.",neutral
Try using equalsIgnoreCase instead of straight CODE_FRAGMENT.,neutral
A FILE_NAME name should be used.,neutral
"As an alternative to marking progress in the CODE_FRAGMENT itself, consider decorating it with a CODE_FRAGMENT or a variation.",neutral
Hope that helps.,neutral
I thought that the problem was the ``id = null ''.,negative
I have FILE_NAME MassageSalon.,neutral
Thanks.,neutral
"So yes, you need to keep track of the position yourself.",neutral
"With this annotation, you don't need the PowerMock rule anymore!",neutral
"Solved, in case anyone stumbles upon similar problem.",positive
I suggest you to use.,positive
"When you get your CODE_FRAGMENT, immediately convert to API_NAME types.",neutral
"No-one's picked this up, but why are you trying to mock private methods?",neutral
It should point to the exact line number the issue is happening on.,neutral
API_NAME updates this property when you call `API_NAME 'method.,neutral
I need to have a nofication in my program when a file is uploaded through the ftp.,neutral
Please refer to the code below.,neutral
"So, everything builds fine, but when we try to deploy the application to GFNUMBER we get the FILE_NAME file not found ''error.",negative
"What I don't understand is -- if one thread is still stuck, deadlocked, inside CODE_FRAGMENT, then how come all the other threads were able to get past the CODE_FRAGMENT call?",negative
They appear to have foresight about what the Map contains.,neutral
"Here's the official API on Java CODE_FRAGMENT, useful for quantifier syntax.",positive
Check TextSamplerDemo.,neutral
Any Idea how to solve such problem when using CGLIB proxies?,neutral
whereas on non-daylight savings change day we see.,neutral
I'm trying to post comments on an app page in Facebook.,neutral
here is the server code.,neutral
Can you help in understanding this code.,neutral
cricle and fill that with red.,neutral
In a word: No.,neutral
Which we currently are saved from using CODE_FRAGMENT.,positive
"However, I'd suggest using a graph visualization library like JUNG etc..",neutral
Jar file check following link.,neutral
Gotcha!,neutral
InsertandRetriveBlobData.,neutral
Older versions of JSF used instantiation through JSF and you should be using CODE_FRAGMENT.,neutral
"Basically, the component type is mandatory for JSF in order to create the component by CODE_FRAGMENT method.",neutral
Obtain the raw lines and keep them in a ( Clojure ) lazy sequence.,neutral
As to your point.,neutral
You will have to remove ( ) and add ( ) the Object whose ``score ''changed for it to move to its new position in the queue.,neutral
"With CODE_FRAGMENT, this example took NUMBER seconds with the option on and NUMBER second with it off in Java 6 update 29.",neutral
I'm working with a program that runs lengthy SQL queries and stores the processed results in a HashMap.,neutral
"If you are looking for a way to write to streams in a more intuitive way, try CODE_FRAGMENT.",positive
"The application is basically an object manager, where user add new object, remove old objects and connect object with each other.",neutral
"I suspect it may be more efficient to both query and write your records within each CODE_FRAGMENT, but this is an assumption that would likely require testing.",positive
This is a question just to satisfy my curiosity.,neutral
"If you include the appcompat lib as you do above, you don't need to include support-v4 at all; appcompat depends on it, and the build system will do the right thing.",neutral
see CODE_FRAGMENT.,neutral
I used Matthew Beckler's Java Heat Map a while ago.,neutral
the exception is on line 72 and 114.,neutral
More detailed answer about why not allow it for non-parallel streams.,neutral
"I have 2D closed vector paths, specified in SVG paths-like syntax - i.e. these paths include straight lines and various Bezier curves.",neutral
If you can change the code it helps to use CODE_FRAGMENT ( with no host parameter or with a connected socket ).,neutral
Otherwise you can enable eager fetching for particular query.,neutral
And here is the FILE_NAME.,neutral
EAR dependencies.,neutral
"The fact that the size constraint, and expansion is only related to CODE_FRAGMENT can also be a reason, not to add this behaviour to the method.",neutral
"For the records, I found it ;o).",neutral
"But this library has a dependency to other native library, which cames bundled with the API_NAME.",neutral
But in the main case it works good enough.,positive
It's best to do it right from the start.,neutral
You have problem with classpath.,negative
You should implement a connection server that manages the connection to FCM to handle upstream and downstream messages.,neutral
You may try like this.,neutral
I found that I needed to adjust the Apache configuration to include a ServerName or ServerAlias for the host.,neutral
It means 2-bytes per symbol in most case.,neutral
You have to do it like this.,neutral
You should use a CODE_FRAGMENT for this task.,neutral
"So in order to instantiate ChromeDriver, you need to.",neutral
I kept the batch file as a resource in the source directory.,neutral
Then you can also add additional access paths to the stuff you want.,neutral
What you need is to assign data to a string read from the stream.,neutral
Using FILE_NAME I can do something like this.,neutral
Poll the server ( requires a progress API ) periodically ( via javascript ) for the processing status and update the page accordingly when you get a positive result.,neutral
"so, how we can parse above like example expression easier, or FILE_NAME api for string parser.",neutral
And you're able to use an external configuration file ( no extender needed ) to configure your logging.,positive
My code follows.,neutral
Maybe i found a solution to your problem.,neutral
I am using the appcompat_v7 project as a library project in eclipse.,neutral
A few notes.,neutral
I modified the ``API_NAME ''file.,neutral
I then click on the button but I get this error message.,neutral
"This means you've picked up a version built against Hadoop 1.x, hence the FILE_NAME vs interface exception.",neutral
If I give the 2 input given below it is showing an error.,negative
Let me know if there are any other details that might help!,neutral
You can try and do nothing about it.,neutral
Something along the lines of.,neutral
"I'm FILE_NAME NUMBER on Tomcat 7,.",neutral
No Midnight.,neutral
"So there are a few possible causes to your woes and I'll state the likely quick fix first, and then state some best practices below that you should consider doing in the long term.",neutral
So just use CODE_FRAGMENT instead of CODE_FRAGMENT.,neutral
"Well I thought I am authorized, once I used my API_KEY to authorize my access to GoogleBook.",neutral
The problem is that you wrote.,negative
I recommend that you change the way you store your day and use a date.,neutral
Without that information you have to start the debugging process by guessing.,negative
"If I invoke this API using something like CODE_FRAGMENT and build my request like so, ( provided that I have authentication headers and a POST body included ).",neutral
But is there a way to have Netbeans automatically connect with API_NAME and retrieve these files?,neutral
The source code is.,neutral
You could also use.,neutral
My code is as follows.,neutral
You can't access a private method from an FILE_NAME.,neutral
Please guide me on this problem.,neutral
e.g. see WEB_ADDRESS.,neutral
Edit: Thank you everyone for the help!,neutral
I have chosen this as a recurring pattern throughout the project.,neutral
"Instead, use API_NAME classes.",neutral
"``Please wait, a download is in progress ''.",neutral
The CODE_FRAGMENT method will block until it can read a token.,neutral
"The following warning messages should be ignored, they are `false-positive 'alert messages.",negative
"When I run my client, it throws the following exception.",negative
url: WEB_ADDRESS.,neutral
I want to ask some questions.,neutral
Use Type 4 Driver - Database-Protocol Driver ( Pure Java Driver ) as it is 100% pure Java.,neutral
Has anyone ever tried to connect to a Yahoo Store using Yahoo API calls from Java?,neutral
According to docs.,neutral
I have also tried to use.,neutral
Below are the features of Intellij IDEA ultimate edition.,neutral
So you can do.,neutral
Doesn't a for loop work exactly like the slice operator in python.,neutral
You can also retrieve the item by calling API_NAME ( ``Test1 '') and it will return the item associated with Test1.,neutral
Thanks in advance.,neutral
"running CODE_FRAGMENT isn't enough, running CODE_FRAGMENT after inserting the dependency solved it for me.",neutral
If I'm now running my programm with the following command.,neutral
"As I read more into the article, I see that there is an API that looks like this.",neutral
The CODE_FRAGMENT header is filled by the CODE_FRAGMENT based on the URL.,neutral
"As long as your configuration doesn't change, you can create the Session once at the beginning and jsut keep using it.",neutral
Now we're getting to the good part.,positive
In production I would assume that you are configuring either a CODE_FRAGMENT or a CODE_FRAGMENT.,neutral
"I.e. if there are 4 students in the initial array, but only 2 are failing, my array is returning: student1, student2, null, null.",neutral
Also you need not need SimpleDateFormat to increment calendar details.,neutral
I did this like this.,neutral
I have looked and found that there are some packages that would automatically enter my keyring on login but that isn't really an option.,negative
The same number is: 2.,neutral
"to get this index, use getElementIdx ( col, row ).",neutral
The API_NAME file code is.,neutral
New information shows that a partial cross-join of the data is desired.,neutral
but I get a CODE_FRAGMENT.,neutral
"It does its job, but was built for our use case.",positive
Applet and JSP Communication.,neutral
You can read more about it here.,neutral
For me this worked.,positive
can not be cast to API_NAME.,neutral
I am executing a batch file FILE_NAME program.,neutral
That can hide an error and keep you searching for dogs a whole week while the problem was really a cat ( ch ).,negative
I'm new to FILE_NAME language.,neutral
Using CODE_FRAGMENT;.,neutral
"I still think it's not the best design, but I did quite a bit of testing and can say with a good bit of confidence that it had no real impact on performance.",positive
This provides the method CODE_FRAGMENT for inserting the element at specific location and it is very efficient.,positive
This line gives the error.,negative
You can use CODE_FRAGMENT to create a CODE_FRAGMENT from JPEG data.,neutral
Thanks and Greeting!,neutral
I try to split the String ``NUMBER ''to 2 new Strings.,neutral
Hope that helps some of you with the same problem.,positive
"In Java, you typically don't write a single method that handle all sorts of arguments with all sorts of different types.",neutral
in order to have a more powerful client ( with drag and drop ).,neutral
the problem is the following.,negative
Do you have any hints to avoid this error?,neutral
Where Object is FILE_NAME you want.,neutral
"Even Java5's support is going to end in two days ( 30 October 2009, that is! )",neutral
"When your are ready to determine an appointment's start and stop times as seen through the lens of some region's wall-clock time, combine those parts above to generate a CODE_FRAGMENT object.",neutral
I have found out that certain misconfigured servers send an ``Unrecognized Name ''warning in the SSL handshake which is ignored by most clients... except for Java.,negative
I have to fetch time stamp from DB and retrieve only time and compare two time.,neutral
It might not reproduce consistently but at one point you might see the issue again.,negative
So go ahead and remove FILE_NAME from your libs folder.,neutral
"In the ThreeTen-Backport library for Java 6 & 7, use CODE_FRAGMENT.",neutral
"When I run this on Windows, the console tells me.",neutral
"UPDATE: Actually, it turns out that you CAN supply system properties to the Jarsigner tool, it's just not in the help message.",neutral
Complexity is O ( N ).,neutral
I understand the boolean expression here.,positive
"When you build, you can publish the binaries for both pro and lite to your artifact repository ( nexus, artifactory, etc ), and then you would have 2 separate jars.",neutral
I develop Cursive.,neutral
"In your FILE_NAME, CODE_FRAGMENT has not been set and therefore is CODE_FRAGMENT.",neutral
"Currently, I create the index like so.",neutral
There are some examples like this in the Java API such as.,neutral
I want to list all album list from my picasa album.,neutral
"So variable contain CODE_FRAGMENT, CODE_FRAGMENT, CODE_FRAGMENT.",neutral
u can do FILE_NAME.,neutral
en-dash & em-dash word count differs from MS-Office.,neutral
"Assuming that the only issue you're having is the name of the dependent library, see CODE_FRAGMENT.",neutral
"Yes, you can do it nicely using Andy Khan's JExcel library.",neutral
Still that does not guarantee that the first thread will run and only then the second one will check if the size > 0.,negative
It accepts a regular CODE_FRAGMENT object in its constructor and simply delegates all methods other than CODE_FRAGMENT to the wrapped object.,neutral
I'm using netbeans for FILE_NAME coding.,neutral
Since that time we've tended more toward option two.,neutral
How do I select which function is to be called during run-time?,neutral
FILE_NAME does not get listed in the maven dependency tree.,neutral
"If you mean ``direct ''ByteBuffers, there's a put method which accepts other CODE_FRAGMENT instances so you can copy around.",neutral
Why don't you try Easymock or Mockito.,neutral
Dug this up: WEB_ADDRESS.,neutral
This might prove to be useful unbescape.,positive
Then it's up to you to add the relevant code to the method body.,neutral
I want insert the information of this object in the Fragment.,neutral
Hope it will help you.,neutral
The data structure you are saving your data is not very optimal for the days with daylight saving time.,negative
Any suggestion for a better design would be appreciated.,neutral
Unlikely - Redis' PubSub messages are Strings/Byte streams.,neutral
"John Spurlock, the create of OData4j, personally responds to almost all of the posts there.",positive
First of all I do not think you need all these.,negative
Working Configuration.,positive
Use FileUtils from Apache commons.,neutral
"As of JUnit there shouldnt be a dependency for your build, right?",neutral
You might have both JPA NUMBER and JPA NUMBER persistence jars on the classpath.,neutral
I suspect there may not be a good solution for this right now.,negative
"When you add 3 hours, you will get March 30, 2010 02:00 UTC.",neutral
Just delete the instance variable CODE_FRAGMENT.,neutral
Store them in memory in a CODE_FRAGMENT.,neutral
"For example, 8 PM in Auckland NZ is not at all the same moment as 8 PM in Kolkata IN, and different again than 8 PM in Paris FR.",neutral
The line that uses the CODE_FRAGMENT method should look something like this.,neutral
Embrace the Joy of Sets!,positive
Targetting to achieve.,neutral
